ruta,extension,tamano_kb,lineas
.env.example,.example,0.57,20
.gitignore,[sin extension],0.16,14
.htaccess,[sin extension],1.0,26
AUDITORIA_SEGURIDAD_RUTAS.md,.md,3.39,94
README_AJUSTE_FICHA_CARRITO_LIMPIEZA.md,.md,2.33,58
README_AJUSTE_FINAL.md,.md,2.88,54
README_AJUSTE_FINAL_CARRITO_FICHA.md,.md,1.86,42
README_AJUSTE_LOGO_FICHAS.md,.md,1.62,37
README_AJUSTE_PREMIUM_FICHA_CARRITO.md,.md,1.23,28
README_ANALITICA_POWERBI_LIMPIEZA_EMOJIS.md,.md,1.35,18
README_ANALITICA_REAL_ICONOS_RESTAURADOS.md,.md,0.76,11
README_BACKORDER_RESERVA_REORDEN.md,.md,1.88,49
README_BUSQUEDA_INTELIGENTE_AUTOCOMPLETE.md,.md,0.94,36
README_CALENDARIO_SOBRESTOCK.md,.md,1.28,37
README_CARRITO_CALENDARIO_ORDENADO.md,.md,1.24,28
README_CENTRO_SOPORTE_SIMPLE.md,.md,0.89,59
README_CORREO_EMPRESA_LISTO.md,.md,2.75,112
README_CORREO_FUNCIONAL_SEGURO.md,.md,0.97,44
README_DESCUENTOS_VOLUMEN_FUNCIONALES.md,.md,1.61,51
README_DEVOLUCIONES_COSTOS_FLUJOS_DISTINTOS.md,.md,1.56,39
README_DEVOLUCIONES_DECISION_CLIENTE.md,.md,0.95,33
README_DEVOLUCIONES_ESTIMACION_REEMPLAZO_PRIME.md,.md,1.02,25
README_DEVOLUCIONES_FLUJO_SECUENCIAL_FRAUDE.md,.md,1.23,45
README_DEVOLUCIONES_MOTIVOS_CUBIERTOS.md,.md,1.17,28
README_DISENO_FACTURA_APROBADO.md,.md,0.67,17
README_EMPRESA_ADMIN_SIMPLIFICADA.md,.md,1.64,50
README_FACTURACION_GARANTIAS_CHECKOUT.md,.md,3.13,107
README_FACTURA_PDF_DISENO_EXACTO.md,.md,0.76,17
README_FINAL_CORREO_FACTURACION.md,.md,2.65,95
README_FIX_ADMIN_CRUD_PRODUCTOS.md,.md,1.43,46
README_FIX_CHECKOUT_FACTURA_CORREO.md,.md,2.63,109
README_FIX_CHECKOUT_PRODUCTO_ID_BOOLEAN.md,.md,0.88,22
README_FIX_CUENTA_NAV_LOGIN_FOOTER.md,.md,0.95,18
README_FIX_GOOGLE_CLIENT_ID_VISIBLE.md,.md,0.69,20
README_FIX_ICONOS_CATEGORIAS.md,.md,0.55,17
README_FIX_LLEGO_DANADO_FLUJO_CONECTADO.md,.md,1.31,32
README_FIX_LOGO_NAVBAR_CONTRASTE.md,.md,0.44,12
README_FIX_REABASTECIMIENTO_DUPLICADAS.md,.md,1.07,27
README_FLUJO_GUIADO.md,.md,2.12,82
README_GOOGLE_CLIENT_ID_CONFIGURADO.md,.md,0.42,19
README_GOOGLE_LOGIN_VINCULACION.md,.md,1.2,29
README_HOME_BANNERS_RECOMENDADOS.md,.md,1.32,29
README_HOTFIX_FUNCION_REABASTECIMIENTO.md,.md,0.72,19
README_HOTFIX_NOTIFICACIONES_DESCUENTO_WISHLIST.md,.md,1.28,36
README_HOTFIX_NOTIFICACIONES_WISHLIST_PHP_FINAL.md,.md,0.85,25
README_HOTFIX_TRIGGER_NOTIFICACIONES_WISHLIST.md,.md,0.94,32
README_INSTALAR_PHPMAILER.md,.md,1.37,79
README_LOGIN_REDISHENO_LOGO_CLARO.md,.md,0.58,14
README_MODALES_DEVOLUCIONES_FLUJO_FINAL.md,.md,2.48,66
README_MULTIPLES_IMAGENES_PRODUCTO.md,.md,1.07,33
README_NAVBAR_FOOTER_GLOBAL.md,.md,0.86,43
README_NAVBAR_FOOTER_PRODUCTO_REAL.md,.md,0.87,19
README_NAVBAR_PRODUCTO_UNIFICADO.md,.md,0.9,37
README_NAV_NOTIS_OFERTAS_FIX.md,.md,0.9,24
README_NOTA_CREDITO_CORREO_AUTO.md,.md,1.01,32
README_PANEL_EMPRESA_FACTURACION.md,.md,1.86,96
README_PARCHE_ERRORES_BACKORDER.md,.md,2.02,75
README_PROVEEDOR_EDITAR_CAPACIDAD.md,.md,0.75,21
README_RECHAZO_ESTIMACION_FINAL.md,.md,1.48,39
README_REEMPLAZO_SERIES_TRAZABILIDAD.md,.md,1.28,45
README_REFORMULACION_SEGURA.md,.md,4.44,142
README_UPLOADS_ORDENADOS.md,.md,1.96,56
add_to_cart.php,.php,3.17,80
admin.php,.php,204.38,1567
analitica.php,.php,44.6,682
api_filtrar_productos.php,.php,4.35,121
api_filtros.php,.php,2.58,84
api_guardar_producto.php,.php,3.5,112
api_producto.php,.php,1.06,36
api_wishlist.php,.php,1.48,49
assets/electromax_logo.png,.png,154.3,
assets/electromax_logo.svg,.svg,0.73,
assets/electromax_logo_pdf.jpg,.jpg,48.49,
assets/electromax_logo_web.png,.png,154.3,
assets/emx_modales.js,.js,7.68,135
assets/emx_search_autocomplete.js,.js,7.16,185
assets/factura_header_electromax.jpg,.jpg,19.31,
auth.php,.php,20.61,409
banner_redirect.php,.php,2.26,83
bd.sql,.sql,17.48,401
buscar_sugerencias.php,.php,5.35,156
cancelar_membresia.php,.php,1.18,44
carrito.php,.php,38.58,378
checkout.php,.php,70.28,903
components/footer.php,.php,6.49,117
components/navbar.php,.php,8.99,156
composer.json,.json,0.06,
config_correo.example.php,.php,0.56,14
config_correo.php,.php,1.71,49
config_google.php,.php,0.66,24
correos_empresa.php,.php,10.69,58
crear_admin.php,.php,1.21,25
crear_usuario_empresa.php,.php,3.48,86
db.php,.php,1.21,36
empresa_config.php,.php,0.44,10
factura_pdf.php,.php,1.25,43
ficha_tecnica.php,.php,6.82,41
ficha_tecnica_pdf.php,.php,13.01,266
fix_reabastecimiento_duplicadas.sql,.sql,1.15,39
flujo_admin.php,.php,74.76,1645
funciones_automatizacion.php,.php,6.54,158
funciones_auxiliares.php,.php,1.1,33
funciones_backorder.php,.php,25.08,531
funciones_descuentos_volumen.php,.php,4.48,127
funciones_facturacion.php,.php,40.79,758
funciones_ficha_tecnica.php,.php,12.88,249
funciones_garantias.php,.php,2.93,71
funciones_google_auth.php,.php,15.23,351
funciones_home.php,.php,12.17,158
funciones_logistica.php,.php,6.33,171
funciones_notificaciones.php,.php,0.6,16
funciones_planes.php,.php,2.12,70
funciones_soporte.php,.php,5.13,155
funciones_stock.php,.php,22.07,355
funciones_wishlist.php,.php,12.9,331
garantia.php,.php,6.28,52
generar_etiqueta.php,.php,3.21,16
google_auth.php,.php,1.9,50
hotfix_notificaciones_descuento_wishlist.sql,.sql,0.86,21
hotfix_notificaciones_wishlist_php_final.sql,.sql,1.28,30
hotfix_notificaciones_wishlist_trigger.sql,.sql,5.73,154
imprimir_guia.php,.php,4.48,51
index.php,.php,68.71,857
instalar_phpmailer_si_tengo_composer.bat,.bat,0.59,
instalar_phpmailer_windows.bat,.bat,1.75,
logout.php,.php,0.33,11
mi_cuenta.php,.php,91.72,762
migracion_busqueda_inteligente.sql,.sql,0.78,20
migracion_descuentos_volumen_funcionales.sql,.sql,0.6,15
migracion_devoluciones_decision_cliente.sql,.sql,2.89,75
migracion_devoluciones_estimacion_reemplazo_prime.sql,.sql,0.93,19
migracion_devoluciones_flujo_secuencial_fraude.sql,.sql,1.98,33
migracion_email_outbox_panel.sql,.sql,0.62,15
migracion_empresa_config_admin.sql,.sql,2.96,68
migracion_empresa_simplificada_admin.sql,.sql,2.96,68
migracion_facturacion_garantias_checkout.sql,.sql,11.49,232
migracion_final_correo_facturacion.sql,.sql,15.22,305
migracion_flujo_guiado.sql,.sql,6.12,130
migracion_google_login.sql,.sql,1.24,31
migracion_nota_credito_correo_auto.sql,.sql,1.02,30
migracion_notificaciones_wishlist_mejoradas.sql,.sql,0.44,11
migracion_reemplazo_series_trazabilidad.sql,.sql,1.42,45
migracion_reformulacion_segura.sql,.sql,7.43,141
migracion_soporte_tickets.sql,.sql,2.41,58
notificaciones.php,.php,5.4,51
planes.php,.php,20.63,248
probar_correo_facturacion.php,.php,2.35,59
procesar_devolucion.php,.php,8.58,188
producto.php,.php,55.2,691
proveedor.php,.php,65.09,617
recibir_devolucion.php,.php,4.02,56
responder_devolucion.php,.php,4.76,102
scripts/reorganizar_uploads_existentes.php,.php,1.16,27
seguridad.php,.php,15.11,407
simulador_sucursales.php,.php,22.42,176
soporte.php,.php,20.25,384
soporte_admin.php,.php,21.93,358
tracking.php,.php,34.49,303
uploads/.htaccess,[sin extension],0.19,6
uploads/Televisor Indurama 2.png,.png,281.21,
uploads/Televisor Indurama 3.png,.png,422.31,
uploads/Televisor Indurama 4.png,.png,42.85,
uploads/Televisor Indurama 5.png,.png,39.4,
uploads/Televisor Indurama.png,.png,208.63,
uploads/_README_ESTRUCTURA_UPLOADS.txt,.txt,0.35,9
uploads/banners/INFORME TECNICO DN INVESTIGACION ANTIDROGAS. ok.pdf,.pdf,1301.71,
uploads/banners/banner.webp,.webp,135.0,
uploads/banners/banner2.webp,.webp,188.94,
uploads/banners/banner3.webp,.webp,155.94,
uploads/banners/banner_1784505975.jpg,.jpg,34.37,
uploads/banners/banner_1784686666.webp,.webp,135.0,
uploads/banners/banner_1784687194.webp,.webp,188.94,
uploads/banners/banner_1784859999.webp,.webp,188.94,
uploads/banners/orden_de_compra pintura manta 2_nro._nic-1768148880001-2026-00028-signed.pdf,.pdf,292.23,
uploads/confirmaciones/conf_9628a754_1785464753_0.jpg,.jpg,3.05,
uploads/devoluciones/dev_6a60140f86f2f_Tom And Jerry Wallpaper.jpg,.jpg,34.37,
uploads/devoluciones/dev_6a62a3d968f48_banner_1784505975.jpg,.jpg,34.37,
uploads/devoluciones/dev_6a62b1537e87f_banner_1784505975.jpg,.jpg,34.37,
uploads/devoluciones/dev_6a6811d698290_user_2c296d6c-652d-4f02-aa8c-1ac9c7b13c9e_1785200600.jpeg,.jpeg,48.42,
uploads/logo indurama.png,.png,10.51,
uploads/logo lg.png,.png,11.82,
uploads/logo samsung.png,.png,6.04,
uploads/logo.png,.png,2055.92,
uploads/marca_1784408625.png,.png,10.51,
uploads/marca_1784408744.png,.png,11.82,
uploads/marca_1784408813.png,.png,6.04,
uploads/perfiles/ft.jpeg,.jpeg,48.42,
uploads/perfiles/user_2c296d6c-652d-4f02-aa8c-1ac9c7b13c9e_1785200600.jpeg,.jpeg,48.42,
uploads/prod_1784343838.png,.png,63.65,
uploads/prod_1784386952.png,.png,63.65,
uploads/prod_1784387310.png,.png,63.65,
uploads/prod_1784389146.png,.png,312.87,
uploads/prod_cb2c225c-bedb-4f8d-a5fe-944c00dbeedc_1784390846_0.png,.png,312.87,
uploads/prod_cb2c225c-bedb-4f8d-a5fe-944c00dbeedc_1784390846_1.png,.png,63.65,
uploads/prod_d954dfe2-ebd1-48f9-8ecf-891e6de1cd7d_1784395203_0.png,.png,208.63,
uploads/prod_d954dfe2-ebd1-48f9-8ecf-891e6de1cd7d_1784395203_1.png,.png,281.21,
uploads/prod_d954dfe2-ebd1-48f9-8ecf-891e6de1cd7d_1784395203_2.png,.png,422.31,
uploads/prod_d954dfe2-ebd1-48f9-8ecf-891e6de1cd7d_1784395203_3.png,.png,42.85,
uploads/prod_d954dfe2-ebd1-48f9-8ecf-891e6de1cd7d_1784395203_4.png,.png,39.4,
verificar_phpmailer.php,.php,3.65,93
wishlist.php,.php,6.17,50
